brand,sku_count,categories,avg_price,avg_rating,promo_rate_pct
Morrisons,870,12,2.55,3.5,1.8
Morrisons The Best,138,9,5.22,3.5,2.2
Heinz,136,2,2.06,4.3,16.2
Schwartz,127,1,1.59,4.4,2.4
Cadbury,119,2,3.03,0.0,27.7
L'Oreal,95,2,7.79,0.0,41.1
Fairy,86,1,6.76,0.0,22.1
Indus,80,2,2.16,1.0,25.0
Ella's Kitchen,77,1,1.76,0.0,1.3
Lenor,74,1,5.18,0.0,24.3
Pampers,72,1,10.89,0.0,15.3
Nutmeg,71,2,2.1,3.0,0.0
Nivea,64,1,5.33,0.0,45.3
Febreze,63,1,4.1,0.0,14.3
Dove,63,1,4.14,0.0,41.3
Garnier,62,1,6.93,0.0,33.9
Always,57,3,5.04,0.0,7.0
Walkers,57,1,2.01,3.3,17.5
Air Wick,50,1,5.6,0.0,14.0
McVitie's,48,4,1.85,3.3,47.9
