brand,products,price_index,positioning,avg_rating
Nicorette,13,4.364,Premium,0.0
Toblerone,14,3.714,Premium,0.0
Pampers,72,3.667,Premium,0.0
Seven Seas,20,3.545,Premium,0.0
Aptamil,26,3.042,Premium,4.7
Mam,13,3.0,Premium,0.0
Optimum Nutrition,12,2.909,Premium,0.0
Taylors,10,2.875,Premium,4.65
Ariel,28,2.857,Premium,0.0
Shazan,10,2.8,Premium,3.0
Jack Daniel's,10,2.786,Premium,4.75
Sma,14,2.734,Premium,4.6
Tassimo,16,2.65,Premium,4.4
Finish,20,2.642,Premium,0.0
Oral-B,44,2.581,Premium,0.0
Persil,29,2.571,Premium,0.0
Lindt,37,2.571,Premium,0.0
Nescafe,25,2.5,Premium,4.6
Olay,18,2.5,Premium,0.0
Kenco,15,2.5,Premium,4.5
Kendamil,15,2.5,Premium,0.0
Bold,28,2.5,Premium,0.0
Monster,36,2.364,Premium,0.0
Shazans,13,2.35,Premium,1.7
San Pellegrino,12,2.318,Premium,3.6
J2O,13,2.273,Premium,0.0
Durex,24,2.182,Premium,0.0
Niquitin,11,2.182,Premium,0.0
Vanish,14,2.072,Premium,0.0
Garnier,62,2.062,Premium,0.0
Nala's,10,2.042,Premium,0.0
Vileda,11,2.0,Premium,0.0
Royal,15,2.0,Premium,3.9
Tommee Tippee,26,2.0,Premium,0.0
Childs Farm,21,2.0,Premium,0.0
Nice 'N Easy,24,2.0,Premium,0.0
Nuby,30,2.0,Premium,0.0
Fever-Tree,33,1.932,Premium,5.0
L'Oreal,95,1.875,Premium,0.0
Gillette Venus,10,1.875,Premium,0.0
Gillette,33,1.875,Premium,0.0
Gaviscon,29,1.8,Premium,0.0
Clairol,27,1.75,Premium,0.0
Irn-Bru,17,1.705,Premium,3.0
Andrex,19,1.7,Premium,3.0
John Frieda,23,1.665,Premium,0.0
Fairy,86,1.642,Premium,0.0
Vitawell,12,1.636,Premium,0.0
Live,22,1.625,Premium,0.0
Jahan,11,1.625,Premium,0.0
Filippo Berio,10,1.622,Premium,1.5
Fanta,25,1.591,Premium,2.0
Rascals,13,1.583,Premium,5.0
Surf,20,1.571,Premium,0.5
Air Wick,50,1.571,Premium,0.0
Quaker,30,1.525,Premium,2.4
Loyd Grossman,16,1.5,Premium,4.7
Herbal Essences,23,1.5,Premium,0.0
Rowse,11,1.5,Premium,3.0
The Original Patty Co.,11,1.5,Premium,2.0
Nature Valley,15,1.5,Premium,4.5
The Spice Tailor,13,1.5,Premium,4.9
Najma,17,1.475,Premium,3.0
Aveeno,23,1.455,Premium,0.0
Bassetts,12,1.455,Premium,0.0
SlimFast,12,1.455,Premium,2.15
Bonne Maman,10,1.438,Premium,4.9
Pringles,11,1.429,Premium,0.0
Maltesers,11,1.429,Premium,0.0
Lenor,74,1.429,Premium,0.0
Wrigley's Extra,13,1.429,Premium,0.0
SokoLow,14,1.412,Premium,3.7
Hellmann's,10,1.4,Premium,1.0
Tena,24,1.398,Premium,4.0
ZULEKHA,10,1.391,Premium,0.5
Estrella,10,1.375,Premium,0.0
Nando's,19,1.375,Premium,5.0
Twinings,19,1.375,Premium,4.4
Freixenet,12,1.357,Premium,3.9
Kellogg's,32,1.356,Premium,3.9
Kinder,27,1.343,Premium,0.0
Huggies,23,1.333,Premium,1.3
Sharwood's,26,1.325,Premium,4.3
Morrisons The Best,138,1.304,Premium,3.5
Dolmio,23,1.3,Premium,4.5
Doritos,10,1.286,Premium,3.0
Eat Real,11,1.286,Premium,4.2
Scholl,12,1.264,Premium,0.0
Coca-Cola,42,1.262,Premium,0.5
Walkers,57,1.257,Premium,3.3
Head & Shoulders,35,1.25,Premium,0.0
Patak's,27,1.25,Premium,4.4
Red Bull,30,1.25,Premium,0.0
Jordans,10,1.25,Premium,4.9
Johnson's,22,1.25,Premium,1.0
Corsodyl,10,1.25,Premium,2.6
Tropical Sun,12,1.248,Premium,0.5
Warburtons,25,1.218,Premium,4.0
Vitabiotics,18,1.204,Premium,0.0
Nestle,29,1.2,Premium,3.3
Sensodyne,16,1.188,Premium,1.4
Tango,16,1.17,Premium,4.0
Listerine,11,1.165,Premium,0.0
Guinness,14,1.154,Premium,5.0
Gordon's,13,1.143,Mainstream,0.0
Cadbury,119,1.143,Mainstream,0.0
Comfort,38,1.143,Mainstream,0.0
Galaxy,23,1.143,Mainstream,0.0
Barr,12,1.136,Mainstream,4.15
Vicks,14,1.128,Mainstream,0.0
Aussie,33,1.125,Mainstream,0.0
Mutti,12,1.125,Mainstream,4.8
Applied Nutrition,38,1.113,Mainstream,2.3
Vitfix,29,1.091,Mainstream,0.0
Old El Paso,28,1.088,Mainstream,3.55
Kallo,11,1.086,Mainstream,4.3
Unbranded,21,1.071,Mainstream,0.0
Schar,23,1.071,Mainstream,4.8
Whitworths,16,1.05,Mainstream,3.5
Starbucks,20,1.046,Mainstream,2.45
Bibigo,12,1.038,Mainstream,0.0
Lucozade,24,1.034,Mainstream,0.0
Nomo,16,1.029,Mainstream,0.0
Reese's,12,1.028,Mainstream,0.0
Jacobs,30,1.014,Mainstream,3.55
Yutaka,11,1.0,Mainstream,4.7
Rubicon,23,1.0,Mainstream,4.0
Graze,12,1.0,Mainstream,4.15
Glade,42,1.0,Mainstream,0.0
Laila,37,1.0,Mainstream,0.0
Indus,80,1.0,Mainstream,1.0
KTC,34,1.0,Mainstream,3.7
Baxters,15,1.0,Mainstream,2.7
Dr Oetker,11,1.0,Mainstream,0.0
Dr Pepper,12,1.0,Mainstream,1.35
McCoy's,11,1.0,Mainstream,3.3
Oxo,17,1.0,Mainstream,4.9
Myprotein,42,1.0,Mainstream,0.0
Schwartz,127,1.0,Mainstream,4.4
Lynx,31,0.988,Mainstream,0.0
Pepsi,31,0.977,Mainstream,0.0
Dr. Oetker,19,0.975,Mainstream,0.0
Rakusen's,14,0.962,Mainstream,0.0
Blue Dragon,22,0.962,Mainstream,4.6
Seabrook,11,0.943,Mainstream,3.7
Dove,63,0.938,Mainstream,0.0
Colgate,48,0.938,Mainstream,1.5
BrewDog,21,0.929,Mainstream,3.0
Sprite,10,0.921,Mainstream,0.0
KitKat,16,0.914,Mainstream,0.0
Ryvita,11,0.914,Mainstream,4.9
Prime,12,0.909,Mainstream,0.0
Robinsons,35,0.909,Mainstream,3.7
John West,27,0.9,Mainstream,3.6
Cherry Blossom,16,0.893,Mainstream,0.0
Organix,32,0.892,Mainstream,4.8
McVitie's,48,0.886,Mainstream,3.3
Nairn's,21,0.882,Mainstream,4.6
Maggi,14,0.875,Mainstream,4.35
TRESemme,26,0.875,Mainstream,0.0
Taj,12,0.875,Mainstream,4.4
Schweppes,13,0.864,Mainstream,3.3
Duck,32,0.857,Mainstream,0.0
Belvita,13,0.857,Mainstream,4.7
Dettol,38,0.857,Mainstream,0.0
Febreze,63,0.857,Mainstream,0.0
Cif,10,0.857,Mainstream,2.5
Fox's,19,0.857,Mainstream,4.4
Morrisons Organic,18,0.857,Mainstream,3.6
Heinz,136,0.85,Value,4.3
Batchelors,19,0.825,Value,4.4
Nivea,64,0.825,Value,0.0
Shana,17,0.825,Value,3.8
Rennie,14,0.818,Value,0.0
Pantene,34,0.812,Value,0.0
Osem,12,0.8,Value,4.45
Bloo,17,0.786,Value,1.0
Flash,27,0.786,Value,1.0
Kiddylicious,38,0.767,Value,3.0
Regal,22,0.75,Value,4.0
Kleenex,16,0.738,Value,1.0
Nurofen,20,0.727,Value,0.0
Zoflora,16,0.714,Value,3.0
Dishmatic,14,0.714,Value,1.0
Haribo,29,0.714,Value,1.0
Volvic,13,0.705,Value,4.3
Ambrosia,16,0.7,Value,4.85
Cow & Gate,26,0.7,Value,0.0
Ben's,22,0.7,Value,4.25
Always,57,0.688,Value,0.0
Simple,20,0.688,Value,2.5
Baylis & Harding,11,0.688,Value,4.0
Vimto,21,0.682,Value,0.0
Tampax,15,0.682,Value,0.0
Sure,30,0.655,Value,0.0
Domestos,13,0.643,Value,3.3
Thatchers,17,0.643,Value,5.0
Kopparberg,19,0.643,Value,0.0
Elastoplast,16,0.636,Value,0.0
Morrisons,870,0.63,Value,3.5
Hartley's,18,0.625,Value,3.35
Sanex,27,0.625,Value,0.0
Mitchum,12,0.625,Value,2.15
Sweetzone,10,0.625,Value,3.35
Buxton,10,0.603,Value,4.55
Lee Kum Kee,12,0.6,Value,0.0
Cofresh,19,0.575,Value,3.0
Moth,10,0.571,Value,0.0
Rowntree's,12,0.571,Value,3.25
Highland Spring,13,0.568,Value,5.0
Piccolo,17,0.567,Value,5.0
Nutmeg,71,0.567,Value,3.0
Grace,15,0.55,Value,3.4
Rajah,20,0.55,Value,3.75
Del Monte,12,0.55,Value,1.7
Aquafresh,10,0.55,Value,3.0
Galpharm,15,0.545,Value,0.0
Swizzels,14,0.542,Value,2.0
Bodyform,10,0.5,Value,0.0
Palmolive,12,0.5,Value,0.0
Napolina,10,0.5,Value,1.65
Colman's,15,0.5,Value,3.2
Ella's Kitchen,77,0.5,Value,0.0
Wisdom,10,0.5,Value,2.65
Vaseline,15,0.5,Value,2.0
Radox,21,0.5,Value,0.0
Sunfeast,13,0.5,Value,0.0
Grenade,16,0.491,Value,0.0
Au Vodka,10,0.486,Value,0.0
Little Freddie,15,0.483,Value,5.0
Smirnoff,15,0.464,Value,0.0
Original Source,10,0.412,Value,5.0
Pot Noodle,13,0.375,Value,3.6
Warrior,20,0.364,Value,0.0
Bacardi,10,0.357,Value,2.35
HiPP Organic,21,0.333,Value,0.0
Morrisons Savers,18,0.321,Value,3.95
Keep It Handy,11,0.286,Value,1.0
Astonish,24,0.286,Value,4.5
