cat1,sku_count,brand_count,avg_price,sku_share_pct,brand_density
Food Cupboard,1487,211,2.3,13.8,7.0
Toiletries & Beauty,1391,160,6.18,12.9,8.7
"Beer, Wines & Spirits",1314,554,9.47,12.2,2.4
Treats & Snacks,1290,231,2.35,12.0,5.6
World Foods,1206,358,2.68,11.2,3.4
Household,1073,111,4.58,10.0,9.7
"Health, Wellbeing & Medicines",1025,229,6.93,9.5,4.5
Baby & Toddler,752,73,5.08,7.0,10.3
Drinks,739,115,3.08,6.9,6.4
Dietary & Lifestyle Foods,332,92,3.09,3.1,3.6
Frozen Food,72,27,3.62,0.7,2.7
Bakery & Cakes,49,14,2.11,0.5,3.5
Meat & Fish,35,11,3.63,0.3,3.2
