cat1,skus,premium_share_pct,value_share_pct,median_price,own_brand_gap
Meat & Fish,35,37.1,14.3,3.25,22.8
Household,1073,41.0,32.4,3.5,8.6
Bakery & Cakes,49,40.8,32.7,1.9,8.1
Drinks,739,39.8,31.7,2.2,8.1
Baby & Toddler,752,46.7,40.2,3.0,6.5
Toiletries & Beauty,1391,45.4,39.0,4.0,6.4
Treats & Snacks,1290,37.1,32.9,1.75,4.2
Food Cupboard,1487,38.6,36.7,2.0,1.9
World Foods,1206,42.3,41.0,2.0,1.3
"Beer, Wines & Spirits",1314,43.6,43.3,7.0,0.3
"Health, Wellbeing & Medicines",1025,40.9,42.0,5.5,-1.1
Dietary & Lifestyle Foods,332,39.8,41.0,2.38,-1.2
