cat1,products,promo_count,promo_rate_pct,avg_discount_pct
"Beer, Wines & Spirits",1927,1160,60.2,21.0
Meat & Fish,56,31,55.4,15.5
Fresh & Chilled Foods,453,193,42.6,25.9
Frozen Food,105,41,39.0,24.8
Bakery & Cakes,74,25,33.8,24.1
Drinks,887,264,29.8,24.7
Food Cupboard,4207,1246,29.6,22.9
Treats & Snacks,2119,545,25.7,24.5
Dietary & Lifestyle Foods,440,89,20.2,20.1
Baby & Toddler,972,172,17.7,21.0
Household,1308,220,16.8,22.2
"Health, Wellbeing & Medicines",1192,183,15.4,24.6
Toiletries & Beauty,2882,406,14.1,35.4
World Foods,1445,199,13.8,18.0
"Fruit, Veg & Flowers",33,1,3.0,0.0
