,brand,name,cat1,effective_price,price_per_100g,rating,reviews,value_score
2477,Fox's,"Fox's Biscuits Rocky Original Biscuit Bars Multipack, 7 Pack 133g",Treats & Snacks,1.5,0.161,5.0,20.0,0.972
4222,Pakeeza,Desi Natural Live Set Yogurt,World Foods,1.95,0.195,5.0,20.0,0.966
3289,Heinz,Heinz No Added Sugar Baked Beans in Tomato Sauce 4 x 200g,Food Cupboard,2.75,0.344,5.0,14.0,0.94
27,Morrisons,Morrisons Medium Egg Noodles,Food Cupboard,0.95,0.38,5.0,10.0,0.935
586,Ambrosia,Ambrosia Light Low Fat & Reduced Sugar Custard Dessert Carton 500g,Food Cupboard,1.25,0.4,5.0,69.0,0.933
778,Ambrosia,Ambrosia Deluxe Custard Dessert Carton 750g,Food Cupboard,2.5,0.4,5.0,32.0,0.933
4194,Piatnicas,Piatnica Smietana Soured Cream,World Foods,1.8,0.45,5.0,13.0,0.923
95,Kellogg's,Kellogg's Corn Flakes,Food Cupboard,2.85,0.528,5.0,21.0,0.913
70,Heinz,Heinz Classic Cream Of Tomato Soup 4 x 400g,Food Cupboard,3.75,0.2339999999999999,4.9,17.0,0.91
3901,Ajumma,Ajumma Republic Korean Hot Red Pepper Paste 500g,World Foods,2.5,0.55,5.0,15.0,0.908
4747,Trophy,Trophy Basmati Rice 5kg,World Foods,12.5,0.25,4.9,27.0,0.904
711,Heinz,Heinz Tomato & Chilli 350g,Food Cupboard,2.0,0.571,5.0,11.0,0.902
148,Heinz,Heinz Mixed Five Baked Beans in a Rich Tomato Sauce 415g,Food Cupboard,1.4,0.337,4.9,12.0,0.89
3933,Shana,Shana 5 Pack Garlic Paratha 325g,World Foods,1.65,0.6,5.0,10.0,0.888
149,Ambrosia,Ambrosia Devon Custard Dessert Snack Pots Multipack 4 x 120g,Food Cupboard,2.5,0.615,5.0,31.0,0.885
97,Ambrosia,Ambrosia Devon Custard Dessert Carton 500g,Food Cupboard,1.25,0.4,4.9,64.0,0.883
79,Ambrosia,Ambrosia Devon Custard Dessert Snack Pot 150g,Food Cupboard,0.95,0.633,5.0,42.0,0.875
9807,Cow & Gate,Cow & Gate Apple Strawberry & Banana Baby Food Fruit Pot 6+ Months 4x100g,Baby & Toddler,1.9,0.475,4.9,10.0,0.871
300,Mutti,Mutti Tomato Passata 700g,Food Cupboard,2.5,0.486,4.9,66.0,0.87
162,Morrisons,Morrisons Wholewheat Spaghetti,Food Cupboard,0.75,0.15,4.8,16.0,0.857
5,Morrisons,Morrisons Wholewheat Fusiili,Food Cupboard,0.75,0.15,4.8,11.0,0.857
671,Heinz,Heinz Big Soup Spiced Chickpea & Chunky Vegetables 400g,Food Cupboard,2.2,0.55,4.9,14.0,0.857
2337,Fox's,"Fox's Biscuits Rocky Caramel Biscuit Bars Multipack, 7 Pack 136.5g",Treats & Snacks,1.5,0.157,4.8,17.0,0.854
4655,Kohinoor,Kohinoor Khatta Meetha 200g,World Foods,1.15,0.575,4.9,11.0,0.849
452,McDougalls,McDougalls Pre-Sifted Plain Flour 1.1kg,Food Cupboard,1.8,0.186,4.8,76.0,0.848
